block_id,data,next_block
0,Data for job 1 at time 1Data for job 1 at time 1Data for job 1 a,1
1,t time 1Data for job 1 at time 1Data for job 1 at time 1........,-1
2,Data for job 2 at time 6Data for job 2 at time 6Data for job 2 a,3
3,t time 6Data for job 2 at time 6Data for job 2 at time 6........,-1
4,Data for job 3 at time 11Data for job 3 at time 11Data for job 3,5
5, at time 11Data for job 3 at time 11Data for job 3 at time 11...,-1
6,Data for job 4 at time 16Data for job 4 at time 16Data for job 4,7
7, at time 16Data for job 4 at time 16Data for job 4 at time 16...,-1
8,Data for job 2 at time 21Data for job 2 at time 21Data for job 2,9
9, at time 21Data for job 2 at time 21Data for job 2 at time 21...,-1
10,Data for job 3 at time 26Data for job 3 at time 26Data for job 3,11
11, at time 26Data for job 3 at time 26Data for job 3 at time 26...,-1
12,Data for job 2 at time 31Data for job 2 at time 31Data for job 2,13
13, at time 31Data for job 2 at time 31Data for job 2 at time 31...,-1
14,Data for job 3 at time 36Data for job 3 at time 36Data for job 3,15
15, at time 36Data for job 3 at time 36Data for job 3 at time 36...,-1
16,Data for job 5 at time 41Data for job 5 at time 41Data for job 5,17
17, at time 41Data for job 5 at time 41Data for job 5 at time 41...,-1
18,Data for job 2 at time 46Data for job 2 at time 46Data for job 2,19
19, at time 46Data for job 2 at time 46Data for job 2 at time 46...,-1
20,Data for job 5 at time 51Data for job 5 at time 51Data for job 5,21
21, at time 51Data for job 5 at time 51Data for job 5 at time 51...,-1
22,Data for job 2 at time 56Data for job 2 at time 56Data for job 2,23
23, at time 56Data for job 2 at time 56Data for job 2 at time 56...,-1
24,Data for job 5 at time 61Data for job 5 at time 61Data for job 5,25
25, at time 61Data for job 5 at time 61Data for job 5 at time 61...,-1
26,Data for job 5 at time 66Data for job 5 at time 66Data for job 5,27
27, at time 66Data for job 5 at time 66Data for job 5 at time 66...,-1
28,Data for job 5 at time 71Data for job 5 at time 71Data for job 5,29
29, at time 71Data for job 5 at time 71Data for job 5 at time 71...,-1
30,................................................................,-1
31,................................................................,-1
32,................................................................,-1
33,................................................................,-1
34,................................................................,-1
35,................................................................,-1
36,................................................................,-1
37,................................................................,-1
38,................................................................,-1
39,................................................................,-1
40,................................................................,-1
41,................................................................,-1
42,................................................................,-1
43,................................................................,-1
44,................................................................,-1
45,................................................................,-1
46,................................................................,-1
47,................................................................,-1
48,................................................................,-1
49,................................................................,-1
50,................................................................,-1
51,................................................................,-1
52,................................................................,-1
53,................................................................,-1
54,................................................................,-1
55,................................................................,-1
56,................................................................,-1
57,................................................................,-1
58,................................................................,-1
59,................................................................,-1
60,................................................................,-1
61,................................................................,-1
62,................................................................,-1
63,................................................................,-1
64,................................................................,-1
65,................................................................,-1
66,................................................................,-1
67,................................................................,-1
68,................................................................,-1
69,................................................................,-1
70,................................................................,-1
71,................................................................,-1
72,................................................................,-1
73,................................................................,-1
74,................................................................,-1
75,................................................................,-1
76,................................................................,-1
77,................................................................,-1
78,................................................................,-1
79,................................................................,-1
80,................................................................,-1
81,................................................................,-1
82,................................................................,-1
83,................................................................,-1
84,................................................................,-1
85,................................................................,-1
86,................................................................,-1
87,................................................................,-1
88,................................................................,-1
89,................................................................,-1
90,................................................................,-1
91,................................................................,-1
92,................................................................,-1
93,................................................................,-1
94,................................................................,-1
95,................................................................,-1
96,................................................................,-1
97,................................................................,-1
98,................................................................,-1
99,................................................................,-1
